Art;Name;Price;Image;Thumbnail
б1;Роза красная;85.00;/d/203678/d/img__5622.jpg;/d/203678/d/3230201_5.jpg
б2;Роза белая;85.00;/d/203678/d/rozy__19.jpg;/d/203678/d/3230401_5.jpg
б3;Роза синяя;200.00;/d/203678/d/роза_синяя+.jpg;/d/203678/d/6512001_5.jpg
б4;Роза розовая;85.00;/d/203678/d/556e5b5c37742735bbed90b4ea9b64be.jpg;/d/203678/d/3265401_5.jpg
б5;Роза черная;250.00;/d/203678/d/черная__роза.jpg;/d/203678/d/3249601_5.jpg
б6;Роза радужная;250.00;/d/203678/d/radujka.jpg;/d/203678/d/3248801_5.jpg
б7;Роза оранжевая;120.00;/d/203678/d/оранжевая__роза.jpg;/d/203678/d/3230801_5.jpg
б8;Сиреневая роза;150.00;/d/203678/d/сиреневая__роза__копия.jpg;/d/203678/d/3246601_5.jpg
б9;Зеленая роза;180.00;/d/203678/d/image__30.jpg;/d/203678/d/3244601_5.jpg
б10;Роза желтая;120.00;/d/203678/d/желтая__роза__2.jpg;/d/203678/d/3231001_5.jpg
б11;Роза пионовидная желтая;300.00;/d/203678/d/Golden__Celebration.jpg;/d/203678/d/3251801_5.jpg
б12;Роза пионовидная белая;300.00;/d/203678/d/Claire__Austin.jpg;/d/203678/d/3252001_5.jpg
б13;Роза пионовидная красная;300.00;/d/203678/d/krasnaya__pionovidnaya.jpg;/d/203678/d/3252201_5.jpg
б14;Роза пионовидная цикламеновая;300.00;/d/203678/d/Young__Lycidas__копия.jpg;/d/203678/d/3252401_5.jpg
б15;Роза пионовидная розовая;300.00;/d/203678/d/Sharifa__Asma.jpg;/d/203678/d/3252601_5.jpg
б17;Кустовая роза красная;155.00;/d/203678/d/кустовая__роза__красная.jpg;/d/203678/d/3245601_5.jpg
б18;Кустовая роза белая;155.00;/d/203678/d/кустовая__роза__белая.jpg;/d/203678/d/3245801_5.jpg
бм19;Кустовая роза розовая;155.00;/d/203678/d/image__32.jpg;/d/203678/d/3246001_5.jpg
б20;Кустовая роза оранжевая;155.00;/d/203678/d/кустовая__роза__оранжевая.jpg;/d/203678/d/3245401_5.jpg
б21;Кустовая роза желтая;155.00;/d/203678/d/baby__yellow-740x740.jpg;/d/203678/d/6482001_5.jpg
б22;Амариллис белый;490.00;/d/203678/d/белый__амариллис.jpg;/d/203678/d/3254001_5.jpg
б23;Амариллис оранжевый;490.00;/d/203678/d/amarillis.jpg;/d/203678/d/3254201_5.jpg
б24;Амариллис бело-красный;490.00;/d/203678/d/amarillis_belo-krasnyi.jpg;/d/203678/d/3254401_5.jpg
б25;Альстромерия красная;115.00;/d/203678/d/красная_6.jpg;/d/203678/d/3233001_5.jpg
б26;Альстромерия фиолетовая;115.00;/d/203678/d/фиолетовая_1.jpg;/d/203678/d/3233201_5.jpg
б27;Альстромерия желтая;115.00;/d/203678/d/желтая__альстромерия.jpg;/d/203678/d/3233601_5.jpg
б28;Альстромерия оранжевая;115.00;/d/203678/d/оранжевая_7.jpg;/d/203678/d/3233801_5.jpg
б29;Альстромерия белая;115.00;/d/203678/d/белая_7.jpg;/d/203678/d/3234001_5.jpg
б30;Альстромерия розовая;115.00;/d/203678/d/розовая_4.jpg;/d/203678/d/3234201_5.jpg
б31;Альстромерия ярко-розовая;115.00;/d/203678/d/ярко-розовая.jpg;/d/203678/d/3234601_5.jpg
б32;Анемон красный;155.00;/d/203678/d/анемоны__красный.JPG.jpg;/d/203678/d/3241201_5.jpg
б33;Анемон белый;155.00;/d/203678/d/анемоны__белый.jpg;/d/203678/d/3241001_5.jpg
б34;Анемон синий;155.00;/d/203678/d/анемоны__синие.jpg;/d/203678/d/3241401_5.jpg
б35;Астра;170.00;/d/203678/d/астра_1.jpg;/d/203678/d/3243201_5.jpg
б36;Антуриум красный;300.00;/d/203678/d/350_2.jpg;/d/203678/d/3252801_5.jpg
б37;Антуриум белый;300.00;/d/203678/d/антуриум__белый.jpg;/d/203678/d/3253001_5.jpg
б38;Антуриум розовый;300.00;/d/203678/d/anturium_rozovyi.jpg;/d/203678/d/3253401_5.jpg
б39;Антуриум зеленый;300.00;/d/203678/d/антуриум__зеленый.jpg;/d/203678/d/3253201_5.jpg
б40;Брасика;140.00;/d/203678/d/image__31.jpg;/d/203678/d/3241601_5.jpg
б41;Бамбук;200.00;/d/203678/d/image__29.jpg;/d/203678/d/3246201_5.jpg
б42;Василек синий;170.00;/d/203678/d/kupit-vasilki_1.jpg;/d/203678/d/3245001_5.jpg
б43;Гвоздика красная;65.00;/d/203678/d/Red-Carnation-Flowers-03.jpg;/d/203678/d/3229401_5.jpg
б44;Гвоздика розовая;65.00;/d/203678/d/0__8ac79__617897dc__orig.jpg;/d/203678/d/3229601_5.jpg
б45;Гвоздика белая;65.00;/d/203678/d/979ce2b49b8dc5126444583d112.jpg;/d/203678/d/3229801_5.jpg
б46;Гортензия белая;900.00;/d/203678/d/белая__горензия.png;/d/203678/d/3257001_5.jpg
б47;Гортензия фиолетовая;900.00;/d/203678/d/гортензия__фиолетовая.png;/d/203678/d/3257401_5.jpg
б48;Гортензия синяя;900.00;/d/203678/d/400_3.jpg;/d/203678/d/3256801_5.jpg
б49;Гортензия розовая;900.00;/d/203678/d/гортензия__розовая.jpg;/d/203678/d/3257201_5.jpg
б50;Гиацинт розовый;130.00;/d/203678/d/гиацинт__розовый.jpg;/d/203678/d/3240001_5.jpg
б51;Гиацинт синий;130.00;/d/203678/d/гиацинт__синий.jpg;/d/203678/d/3240401_5.jpg
б52;Гиацинт белый;130.00;/d/203678/d/гиацинт__белый+.jpg;/d/203678/d/3240201_5.jpg
б53;Гиацинт фиолетовый;130.00;/d/203678/d/гиацинт__фиолетовй__копия.jpg;/d/203678/d/3240601_5.jpg
б54;Геликония;950.00;/d/203678/d/image__37.jpg;/d/203678/d/3256601_5.jpg
б55;Гербера красная;110.00;/d/203678/d/aragon_1.jpg;/d/203678/d/3234801_5.jpg
б56;Гербера белая;110.00;/d/203678/d/avemaria_1.jpg;/d/203678/d/3235001_5.jpg
б57;Гербера розовая;110.00;/d/203678/d/artistique_1.jpg;/d/203678/d/3235201_5.jpg
б58;Гербера желтая;110.00;/d/203678/d/acapulco_1.jpg;/d/203678/d/3235401_5.jpg
б59;Гербера фиолетовая;110.00;/d/203678/d/capella_1.jpg;/d/203678/d/3235601_5.jpg
б60;Гербера оранжевая;110.00;/d/203678/d/candela_1.jpg;/d/203678/d/3236001_5.jpg
б61;Гербера кремовая;110.00;/d/203678/d/amaretto_1.jpg;/d/203678/d/3236201_5.jpg
б62;Гладиолус белый;195.00;/d/203678/d/белые__гладиолусы.jpg;/d/203678/d/3247001_5.jpg
б63;Гладиолус красный;195.00;/d/203678/d/gladiolys.jpg;/d/203678/d/3247201_5.jpg
б64;Гладиолус розовый;195.00;/d/203678/d/розовые__гладиолус.jpg;/d/203678/d/3247801_5.jpg
б65;Гладиолус желтый;195.00;/d/203678/d/желтый__гладиолус.jpg;/d/203678/d/3247601_5.jpg
б66;Гладиолус фиолетовый;195.00;/d/203678/d/фиолетовые__гладиолусы.jpg;/d/203678/d/3248001_5.jpg
б67;Гладиолус бордовый;195.00;/d/203678/d/bordo.jpg;/d/203678/d/3248201_5.jpg
б68;Дельфиниум;220.00;/d/203678/d/дельфиниум_опт.jpg;/d/203678/d/3739601_5.jpg
б69;Дендробиум;270.00;/d/203678/d/orhideya_2.jpg;/d/203678/d/3246401_5.jpg
б70;Ирис белый;130.00;/d/203678/d/1_white_iris-800x650.jpg;/d/203678/d/3237201_5.jpg
б71;Ирис синий;65.00;/d/203678/d/0__11d45c__4071e75c__orig_copy.jpg;/d/203678/d/3231201_5.jpg
б72;Калла белая;235.00;/d/203678/d/калла__белая.jpg;/d/203678/d/3249801_5.jpg
б73;Калла желтая;235.00;/d/203678/d/калла__желтая.jpg;/d/203678/d/3250001_5.jpg
б74;Калла красная;235.00;/d/203678/d/красная__калла.jpg;/d/203678/d/3250201_5.jpg
б75;Калла розовая;235.00;/d/203678/d/kalla__pink.jpg;/d/203678/d/3250601_5.jpg
б76;Калла оранжевая;235.00;/d/203678/d/оранжевая__калла.jpg;/d/203678/d/3250401_5.jpg
б77;Калла черная;290.00;/d/203678/d/каллая__черная.jpg;/d/203678/d/3253601_5.jpg
б78;Ландыш;470.00;/d/203678/d/ладндыши_1.png;/d/203678/d/3249001_5.jpg
б79;Лилия белая;300.00;/d/203678/d/image__5.jpg;/d/203678/d/3250801_5.jpg
б80;Лилия розовая;300.00;/d/203678/d/liliya_3.jpg;/d/203678/d/3251001_5.jpg
б81;Лилия бело-розовая;300.00;/d/203678/d/image__33.jpg;/d/203678/d/3251201_5.jpg
б82;Лилия красная;300.00;/d/203678/d/krasnaya.jpg;/d/203678/d/3251401_5.jpg
б83;Лилия оранжевая;300.00;/d/203678/d/лилия_оранжевая.jpg;/d/203678/d/3271201_5.jpg
б84;Эустома (лизиантус);170.00;/d/203678/d/лизиантус_6.jpg;/d/203678/d/3263001_5.jpg
б85;Матрикария (ромашка кустовая);130.00;/d/203678/d/матрикария_2.jpg;/d/203678/d/3236401_5.jpg
б86;Мимоза;450.00;/d/203678/d/image__36.jpg;/d/203678/d/3241801_5.jpg
б87;Нарцисс белый;140.00;/d/203678/d/narciss.jpg;/d/203678/d/3242001_5.jpg
б88;Нарцисс желтый;140.00;/d/203678/d/narciss2.jpg;/d/203678/d/3242201_5.jpg
б89;Незабудка;175.00;/d/203678/d/4000_1.jpg;/d/203678/d/3243401_5.jpg
б90;Орхидея цимбидиум;150.00;/d/203678/d/зеленая__орхидея.jpg;/d/203678/d/3242401_5.jpg
б91;Орхидея ванда;290.00;/d/203678/d/image__49.jpg;/d/203678/d/3244801_5.jpg
б92;Подсолнухи;230.00;/d/203678/d/подсолнухи_2.png;/d/203678/d/3248601_5.jpg
б93;Пион розовый;600.00;/d/203678/d/розовые__пионы.jpg;/d/203678/d/3254601_5.jpg
б94;Пион белый;650.00;/d/203678/d/пионы__белые.jpg;/d/203678/d/3254801_5.jpg
б95;Пион цикламеновый;650.00;/d/203678/d/pion.JPG.jpg;/d/203678/d/3255201_5.jpg
б96;Ромашка;165.00;/d/203678/d/romashki_1.jpg;/d/203678/d/3242801_5.jpg
б97;Ранункулюс;260.00;/d/203678/d/ранжевые__ранункулюсы.jpg;/d/203678/d/3249201_5.jpg
б98;Сирень белая;570.00;/d/203678/d/siren_1.jpg;/d/203678/d/3256201_5.jpg
б99;Сирень сиреневая;450.00;/d/203678/d/сирень_1.jpg;/d/203678/d/3256401_5.jpg
б100;Стрелиция;450.00;/d/203678/d/стрелиция1_1.jpg;/d/203678/d/3256001_5.jpg
б101;Тюльпан желтый;105.00;/d/203678/d/тюльпан__желтый.jpg;/d/203678/d/3231601_5.jpg
б102;Тюльпан белый;105.00;/d/203678/d/тюльпан__белый.jpg;/d/203678/d/3232001_5.jpg
б103;Тюльпан красный;105.00;/d/203678/d/krasnie-tulpani_1.jpg;/d/203678/d/3231801_5.jpg
б104;Тюльпан фиолетовый;105.00;/d/203678/d/тюльпан__фиолетоый.jpg;/d/203678/d/3232201_5.jpg
б105;Тюльпан розовый;105.00;/d/203678/d/тюльпан__розовый.jpg;/d/203678/d/3232401_5.jpg
б106;Тюльпан желтый;105.00;/d/203678/d/тюльпан__желтый.jpg;/d/203678/d/3231601_5.jpg
б107;Фрезия белая;110.00;/d/203678/d/фрезия_1.jpg;/d/203678/d/3237401_5.jpg
б108;Фрезия красная;110.00;/d/203678/d/frezia.jpg;/d/203678/d/3237601_5.jpg
б109;Фрезия фиолетовая;110.00;/d/203678/d/frezia__fioletovaya.jpg;/d/203678/d/3238001_5.jpg
б110;Хризантема;180.00;/d/203678/d/image__67.jpg;/d/203678/d/3238201_5.jpg
б111;Краспедия;120.00;/d/203678/d/краспедия_1.jpg;/d/203678/d/3238401_5.jpg
б112;Орнитогалум;150.00;/d/203678/d/орнитогалум_1.jpg;/d/203678/d/3245201_5.jpg
б113;Роза красная 70 см.;160.00;/d/203678/d/красная_роза.jpg;/d/203678/d/3168401_5.jpg
б114;Роза белая 70 см.;160.00;/d/203678/d/белая__роза__эквадор__1.jpg;/d/203678/d/3239601_5.jpg
б115;Роза розовая 70 см.;160.00;/d/203678/d/bouquet__d81b855828670c1894.jpg;/d/203678/d/3239801_5.jpg
б116;Роза оранжевая 70 см.;160.00;/d/203678/d/оранжевая__роза.jpg;/d/203678/d/3230801_5.jpg
б117;Роза желтая 70 см.;160.00;/d/203678/d/желтая__роза__2.jpg;/d/203678/d/3231001_5.jpg
б16;Роза пионовдная персиковая;250.00;/d/203678/d/2_14.jpg;/d/203678/d/1037561201_5.jpg
б118;Амариллис красный;490.00;/d/203678/d/амариллис__1.jpg;/d/203678/d/3255601_5.jpg
б119;Макаронс;100.00;/d/203678/d/307.png;/d/203678/d/3199001_5.jpg
б120;Коробка подарочная;750.00;/d/203678/d/korobki_podarochnaya.jpg;/d/203678/d/3259401_5.jpg
б121;Зелень;250.00;/d/203678/d/zelen3.jpg;/d/203678/d/3258601_5.jpg
б122;Роза микс;110.00;/d/203678/d/Super__Miks__101.jpg;/d/203678/d/3231401_5.jpg
б123;Хлопок Сухоцвет;80.00;/d/203678/d/hlopok.jpg;/d/203678/d/3238601_5.jpg
б124;Гиперикум;125.00;/d/203678/d/giperikum__kustovoy-700x700.jpg;/d/203678/d/3236601_5.jpg
б125;Статица;135.00;/d/203678/d/statica.jpg;/d/203678/d/3240801_5.jpg
б126;Гвоздика фиолетовая;110.00;/d/203678/d/fioletovyie__gvozdiki__poshtuchno-7409__b.jpg;/d/203678/d/3230001_5.jpg
б127;Тюльпан оранжевый;105.00;/d/203678/d/2d696863f0d3568f47254ab2c9939cff.jpg;/d/203678/d/3232601_5.jpg
б128;Коробка для цветов;1000.00;/d/203678/d/korobki.jpg;/d/203678/d/3259201_5.jpg
б129;Альстромерия микс;115.00;/d/203678/d/image__66.jpg;/d/203678/d/3236801_5.jpg
б130;Тюльпаны микс;105.00;/d/203678/d/18bace4987bcd2aad099ef0c04b2fac2.jpg;/d/203678/d/3232801_5.jpg
б131;Гербера микс;110.00;/d/203678/d/image__65.jpg;/d/203678/d/3237001_5.jpg
б132;Атласная лента;40.00;/d/203678/d/lenta.jpg;/d/203678/d/3258401_5.jpg
б133;Кризал (Chrysal);40.00;/d/203678/d/krizal.jpg;/d/203678/d/3228801_5.jpg
б134;Упаковка;200.00;/d/203678/d/upakovka.jpg;/d/203678/d/3258801_5.jpg
б135;Анемон фиолетовый;155.00;/d/203678/d/анемоны__fioletovyi.JPG.jpg;/d/203678/d/3243001_5.jpg
б136;Корзина;1000.00;/d/203678/d/korzina.jpg;/d/203678/d/3259001_5.jpg
б137;Гвоздика синяя (крашенная);110.00;/d/203678/d/gvozdika__sinyaya.jpg;/d/203678/d/3238801_5.jpg
б138;Солидаго;105.00;/d/203678/d/solidago.jpg;/d/203678/d/3239001_5.jpg
б139;Орхидея фаленопсис;250.00;/d/203678/d/adelaide_1.jpg;/d/203678/d/3248401_5.jpg
б140;Декоративные яблоки;100.00;/d/203678/d/decor.jpg;/d/203678/d/3239201_5.jpg
б141;Пион малиновый;650.00;/d/203678/d/малиновые__пионы.jpg;/d/203678/d/3255401_5.jpg
б142;Декоративные бабочки;100.00;/d/203678/d/бабочки_декор.jpg;/d/203678/d/3262801_5.jpg
б143;Зелень макси;550.00;/d/203678/d/zelen3.jpg;/d/203678/d/3258601_5.jpg
б144;Гипсофила;150.00;/d/203678/d/gipsa.jpg;/d/203678/d/3259601_5.jpg
б145;Гвоздика розовая;65.00;/d/203678/d/гвоздика_розовая_1.jpg;/d/203678/d/3262601_5.jpg
б146;Агапантус;180.00;/d/203678/d/агапантус.jpg;/d/203678/d/3262401_5.jpg
б147;Илекс;390.00;/d/203678/d/iliks.jpg;/d/203678/d/3260001_5.jpg
б148;Роза пионовидная персиковая;300.00;/d/203678/d/pionovidnaya__persikovaya__roza.jpg;/d/203678/d/3260201_5.jpg
б149;Декор;150.00;/d/203678/d/декор.jpg;/d/203678/d/3262201_5.jpg
б150;Ветка ели;150.00;/d/203678/d/ветка_ели.png;/d/203678/d/3262001_5.jpg
б151;Оазис;600.00;/d/203678/d/oasis.jpg;/d/203678/d/3259801_5.jpg
б152;Гвоздика микс;65.00;/d/203678/d/гвоздика_микс.jpg;/d/203678/d/3263201_5.jpg
б153;Фрезия желтая;110.00;/d/203678/d/желтая_фрезия.png;/d/203678/d/3261601_5.jpg
б154;Ваза стеклянная;1000.00;/d/203678/d/ваза.png;/d/203678/d/3263601_5.jpg
б155;Протея;950.00;/d/203678/d/протея_1.jpg;/d/203678/d/3263801_5.jpg
Ц1;Целозия;250.00;/d/203678/d/целозия.jpg;/d/203678/d/3265001_5.jpg
Ц2;Геликония;950.00;/d/203678/d/геликония.gif;/d/203678/d/3265201_5.jpg
бм83;Лилия желтая;300.00;/d/203678/d/лилия_желтая.jpg;/d/203678/d/3271401_5.jpg
Б915;Подснежники;45.00;/d/203678/d/podsnezhniki.jpg;/d/203678/d/405609806_5.jpg
б19;Кустовая роза розовая;155.00;/d/203678/d/image__32.jpg;/d/203678/d/3246001_5.jpg
1863;Гортензия микс;800.00;/d/203678/d/gortenzija__foto__tsvetov__1.jpg;/d/203678/d/3537001_5.jpg
М1918;Вероника;105.00;/d/203678/d/tsvetok__veronika__foto__1.jpg;/d/203678/d/3537401_5.jpg
М1919;Роза кустовая пионовидная;300.00;/d/203678/d/roza-kustovaya-pink-piano.jpg;/d/203678/d/3540001_5.jpg
М1920;Гвоздика грин болл;120.00;/d/203678/d/green-trick@2x.jpg;/d/203678/d/3540401_5.jpg
М1921;Салал;40.00;/d/203678/d/salal.jpg;/d/203678/d/3540601_5.jpg
М1922;Крафт бумага;100.00;/d/203678/d/1010359635.jpg;/d/203678/d/3543001_5.jpg
б156;Маттиола;145.00;/d/203678/d/маттиола_0.jpg;/d/203678/d/6482201_5.jpg
б157;Сафари;150.00;/d/203678/d/сафари.jpg;/d/203678/d/6482401_5.jpg
б158;Шляпная Коробка;750.00;/d/203678/d/шляпная_коробка.jpg;/d/203678/d/6482601_5.jpg
1к;Скимия;250.00;/d/203678/d/скимия.jpg;/d/203678/d/3664201_5.jpg
2к;Бавардия;180.00;/d/203678/d/бавардия.jpg;/d/203678/d/3664401_5.jpg
3к;Роза Свитнес 50см;180.00;/d/203678/d/Роза_Свитнес_50см.jpg;/d/203678/d/3664601_5.jpg
4к;Роза Свитнес 70см;200.00;/d/203678/d/Роза_Свитнес_70см.jpg;/d/203678/d/3664801_5.jpg
5к;Каркас;150.00;/d/203678/d/каркас_для_букета.jpg;/d/203678/d/6486601_5.jpg
2209;Роза кустовая микс;155.00;/d/203678/d/роза_кустовая_микс.jpg;/d/203678/d/6482801_5.jpg
я 001;Деревянный ящик;700.00;/d/203678/d/12180__small.jpg;/d/203678/d/3673001_5.jpg
я002;Кашпо;1000.00;/d/203678/d/109059085__w640__h640__moj__magazin__1547241235.jpg;/d/203678/d/3673201_5.jpg
я003;Топпер;100.00;/d/203678/d/c96e5b03aa5785612bd8f76ccf1v--tsvety-i-floristika-topper-v-buket.jpg;/d/203678/d/3673401_5.jpg
я004;Лаванда Сухоцвет;400.00;/d/203678/d/lavender.jpg;/d/203678/d/3673601_5.jpg
я005;Лаванда Сухоцвет;400.00;/d/203678/d/lavender.jpg;/d/203678/d/3673601_5.jpg
б159;Новогодний Шар;100.00;/d/203678/d/новогодний_шар.jpg;/d/203678/d/6483001_5.jpg
б160;Бруния;180.00;/d/203678/d/623.750x0.jpg;/d/203678/d/3704801_5.jpg
б162;Роза Кения 35-40 см;90.00;/d/203678/d/кения_основа.jpg;/d/203678/d/3750201_5.jpg
б163;Гладиолус микс;195.00;/d/203678/d/gladiolys.jpg;/d/203678/d/3247201_5.jpg
б228;Роза кремовая;100.00;/d/203678/d/роза_кремовая.jpg;/d/203678/d/6483201_5.jpg
б164;Оазис Кирпич;85.00;/d/203678/d/Оазис_кирпич.jpg;/d/203678/d/6485401_5.jpg
б165;Киндер Kinder Surprise;150.00;/d/203678/d/Киндер_сюрприз.jpg;/d/203678/d/6486001_5.jpg
б166;Воздушный Шар;85.00;/d/203678/d/Воздушный_шар.jpg;/d/203678/d/6486201_5.jpg
б167;Буплерум;170.00;/d/203678/d/Буплерум.jpg;/d/203678/d/6486401_5.jpg
б168;Фисташка;45.00;/d/203678/d/фисташка_0.jpg;/d/203678/d/6485801_5.jpg
б169;Эвкалипт;205.00;/d/203678/d/эвкалипт.jpg;/d/203678/d/6485601_5.jpg
б170;Трахелиум;160.00;/d/203678/d/Трахелиум+.jpg;/d/203678/d/6486801_5.jpg
б171;Робелини;70.00;/d/203678/d/Робелини.jpg;/d/203678/d/6487001_5.jpg
б172;Аспидистра;50.00;/d/203678/d/аспидистра_0.jpg;/d/203678/d/6487201_5.jpg
б173;Ваксфлауэр;195.00;/d/203678/d/ваксфлауэр.jpg;/d/203678/d/6487801_5.jpg
б174;Грин белл;180.00;/d/203678/d/гринбелл.jpg;/d/203678/d/6488001_5.jpg
б175;Лимониум;150.00;/d/203678/d/лимониум.jpg;/d/203678/d/6488201_5.jpg
б176;Питтоспорум;150.00;/d/203678/d/питтоспорум.jpg;/d/203678/d/6488601_5.jpg
б177;Берграсс 0,25;95.00;/d/203678/d/берграсс.jpg;/d/203678/d/6487601_5.jpg
б178;Папоротник;55.00;/d/203678/d/папоротник_0.jpg;/d/203678/d/6488401_5.jpg
б179;Аспарагус;160.00;/d/203678/d/аспарагус.jpg;/d/203678/d/6487401_5.jpg
б229;Хризантема кустовая;125.00;/d/203678/d/хризантема_кустовая.jpg;/d/203678/d/6490801_5.jpg
б180;Вибурнум;250.00;/d/203678/d/вибурнум.jpg;/d/203678/d/6490401_5.jpg
б181;Аралия;150.00;/d/203678/d/аралия.jpg;/d/203678/d/6490001_5.jpg
б182;Хризантема одноголовая;150.00;/d/203678/d/Хризантема_одноголовая.jpg;/d/203678/d/6491001_5.jpg
б183;Эрингиум;200.00;/d/203678/d/эрингиум.jpg;/d/203678/d/6491401_5.jpg
б184;Гвоздика зеленая;110.00;/d/203678/d/гвоздика_зеленая_0.jpg;/d/203678/d/6489601_5.jpg
б185;Кустовая роза кремовая;155.00;/d/203678/d/кустовая_роза_кремовая.jpg;/d/203678/d/6489401_5.jpg
б187;Чойсия;160.00;/d/203678/d/чойсия.jpg;/d/203678/d/6491201_5.jpg
б186;Бувардия;175.00;/d/203678/d/бувардия.jpg;/d/203678/d/6490201_5.jpg
б188;Кустовая Роза 35-40см (Кения);155.00;/d/203678/d/роза_кустовая_микс.jpg;/d/203678/d/6482801_5.jpg
б189;Озотамнус;195.00;/d/203678/d/озотамнус.jpg;/d/203678/d/6489801_5.jpg
б190;Кустовая роза Тигровая;155.00;/d/203678/d/кустовая_роза_тигровая.jpg;/d/203678/d/6489201_5.jpg
б191;Гиацинт микс;135.00;/d/203678/d/гиацинт_микс.jpg;/d/203678/d/6489001_5.jpg
б192;Гербера малиновая;110.00;/d/203678/d/гербера_малиновая.jpg;/d/203678/d/6488801_5.jpg
б197;Гвоздика кустовая;70.00;/d/203678/d/гвоздика_кустовая.jpg;/d/203678/d/6490601_5.jpg
б193;Тюльпан сиреневый;105.00;/d/203678/d/Тюльпан_сиреневый.jpg;/d/203678/d/6485201_5.jpg
б194;Коробка в виде сердца;850.00;/d/203678/d/Коробка_в_виде_сердца.jpg;/d/203678/d/6484801_5.jpg
б195;Кустовая роза сиреневая;170.00;/d/203678/d/кустовая_роза_сиреневая.jpg;/d/203678/d/6485001_5.jpg
б196;Гвоздика лавандовая;110.00;/d/203678/d/гвоздика_лавандовая.jpg;/d/203678/d/6484601_5.jpg
б198;Акриловый бокс;1500.00;/d/203678/d/акриловый_бокс.jpg;/d/203678/d/6484401_5.jpg
б212;Карандаш цветной;20.00;/d/203678/d/карандаш_цветной.jpg;/d/203678/d/6484201_5.jpg
б213;Дубовый лист;100.00;/d/203678/d/дубовый_лист.jpg;/d/203678/d/6484001_5.jpg
б221;Шляпная коробка Мегабольшая;1500.00;/d/203678/d/Мегабольшая_шляпная_коробка.jpg;/d/203678/d/6483601_5.jpg
б227;Пленка прозрачная;50.00;/d/203678/d/Пленка_прозрачная_для_цветов.jpg;/d/203678/d/6483801_5.jpg
б230;Пион коралловый;650.00;/d/203678/d/big_1.jpg;/d/203678/d/6495001_5.jpg
б220;Анемон сиреневый;155.00;/d/203678/d/анемон_сиреневый.jpg;/d/203678/d/6534601_5.jpg
б231;Пион бордовый;650.00;/d/203678/d/пион_бордовый.jpg;/d/203678/d/6542201_5.jpg
б232;Гортензия зеленая;800.00;;/d/203678/d/6560001_5.jpg
б233;Рускус;25.00;/d/203678/d/Ruskus-e1553763278145.png;/d/203678/d/6584401_5.jpg
635;Зелень к цветам в ассортименте;250.00;/d/203678/d/image_12.jpg;/d/203678/d/255277801_5.jpg
732;Упаковка к цветам;200.00;/d/203678/d/image_16.jpg;/d/203678/d/255609001_5.jpg
733;Открытка;100.00;/d/203678/d/image_44.jpg;/d/203678/d/1142620201_5.jpg
б1182;Брассика (капуста декоративная);140.00;/d/203678/d/image_31.jpg;/d/203678/d/1139734001_5.jpg
